"","id"
"1","609138705_00.22.wav"
"2","609138705_07.05.wav"
"3","609138705_13.73.wav"
"4","609138705_18.57.wav"
"5","609138705_23.64.wav"
"6","609138705_29.61.wav"
"7","609138705_35.76.wav"
"8","609138705_49.04.wav"
"9","609138705_53.27.wav"
"10","609880781_38.78.wav"
"11","609880781_53.21.wav"
"12","610752209_16.01.wav"
"13","610752209_42.96.wav"
"14","610752209_46.89.wav"
"15","610752209_53.55.wav"
"16","610752209_56.80.wav"
"17","611032609_07.67.wav"
"18","611243173_49.29.wav"
"19","615094418_03.98.wav"
"20","615094418_54.60.wav"
"21","615094418_57.52.wav"
"22","615094420_34.74.wav"
"23","615094420_40.41.wav"
"24","615094420_46.76.wav"
"25","615094420_50.47.wav"
"26","615094420_56.40.wav"
"27","615240603_29.13.wav"
"28","615240603_34.36.wav"
"29","615240603_37.29.wav"
"30","615240603_45.23.wav"
"31","615383491_02.38.wav"
"32","615573149_00.47..wav"
"33","615573149_00.91..wav"
"34","615573149_01.13.wav"
"35","615573149_02.41..wav"
"36","615573149_03.24..wav"
"37","615573149_03.74..wav"
"38","615573149_05.83.wav"
"39","615573149_06.63..wav"
"40","615573149_07.04..wav"
"41","615573149_08.40..wav"
"42","615573149_09.20..wav"
"43","615573149_09.94..wav"
"44","615573149_10.47..wav"
"45","615573149_11.90..wav"
"46","615573149_13.01..wav"
"47","615573149_14.24..wav"
"48","615573149_15.56..wav"
"49","615573149_18.25..wav"
"50","615573149_18.95..wav"
"51","615573149_22.36..wav"
"52","615573149_22.65..wav"
"53","615573149_23.05..wav"
"54","615573149_23.74..wav"
"55","615573149_24.88..wav"
"56","615573149_25.36..wav"
"57","615573149_25.68..wav"
"58","615573149_26.07..wav"
"59","615573149_27.48..wav"
"60","615573149_28.41..wav"
"61","615573149_28.42..wav"
"62","615573149_30.45..wav"
"63","615573149_32.07..wav"
"64","615573149_32.81..wav"
"65","615573149_33.25..wav"
"66","615573149_34.44..wav"
"67","615573149_34.93..wav"
"68","615573149_35.52..wav"
"69","615573149_35.83..wav"
"70","615573149_35.94..wav"
"71","615573149_37.77..wav"
"72","615573149_38.66..wav"
"73","615573149_39.17..wav"
"74","615573149_40.82..wav"
"75","615573149_41.36..wav"
"76","615573149_45.57..wav"
"77","615573149_46.73..wav"
"78","615573149_46.92..wav"
"79","615573149_49.59..wav"
"80","615573149_50.10..wav"
"81","615573149_50.14..wav"
"82","615573149_50.93..wav"
"83","615573149_52.49..wav"
"84","615573149_54.13..wav"
"85","615573149_55.26..wav"
"86","615573149_55.40..wav"
"87","615573149_58.68..wav"
"88","615640804_50.70.wav"
"89","615640804_53.39.wav"
"90","615674261_01.63.wav"
"91","615674261_07.45.wav"
"92","615674261_40.48.wav"
"93","615674261_42.31.wav"
"94","615674261_44.09.wav"
"95","615674261_58.95.wav"
"96","626784250_08.78.wav"
"97","627803879_02.96.wav"
"98","627803879_09.86.wav"
"99","627803879_12.99.wav"
"100","627803879_20.85.wav"
"101","627803879_51.55.wav"
"102","627803879_54.87.wav"
"103","627803879_58.43.wav"
"104","628758684_57.55.wav"
"105","630346877_36.98..wav"
"106","630346877_44.68..wav"
"107","630346877_51.41..wav"
"108","630346877_55.56..wav"
"109","630604428_31.41..wav"
"110","631144613_28.70..wav"
"111","631332173_17.56..wav"
"112","631332173_24.74..wav"
"113","631332173_31.26..wav"
"114","631761012_04.73..wav"
"115","631761012_12.77..wav"
"116","631761012_19.70..wav"
"117","631761012_22.83..wav"
"118","631761012_27.42..wav"
"119","631761012_30.70..wav"
"120","631761012_34.44..wav"
"121","631761012_38.05..wav"
"122","631761012_42.02..wav"
"123","632785333_02.43..wav"
"124","632785333_05.63..wav"
"125","632785333_13.13..wav"
"126","632785333_23.64..wav"
"127","632785333_26.82..wav"
"128","632785333_29.72..wav"
"129","632785333_33.77..wav"
"130","632785333_41.75..wav"
"131","632785333_45.33..wav"
"132","632785333_48.07..wav"
"133","632785333_51.25..wav"
"134","632785333_56.22..wav"
"135","632785333_59.67..wav"
"136","633357242_11.29..wav"
"137","640121905_05.08..wav"
"138","640121905_09.69..wav"
"139","640121905_15.45..wav"
"140","640121905_23.33..wav"
"141","640121905_25.79..wav"
"142","640121905_35.85..wav"
"143","640121905_39.48..wav"
"144","640121905_42.99..wav"
"145","640121905_52.65..wav"
"146","640121905_56.55..wav"
"147","643183193_01.21.wav"
"148","643183193_05.20.wav"
"149","645376941_42.87.wav"
"150","645376941_46.23.wav"
"151","645376941_49.11.wav"
"152","645396141_41.83..wav"
"153","645396141_48.60..wav"
"154","645396141_54.14..wav"
"155","645396141_58.93..wav"
"156","645585049_13.92..wav"
"157","645585049_16.20..wav"
"158","645585049_20.91..wav"
"159","645585049_24.59..wav"
"160","645634746.02.47.wav"
"161","645634746.05.41.wav"
"162","645634746.58.70.wav"
"163","645724219_04.41..wav"
"164","645724219_06.72..wav"
"165","645724219_09.43..wav"
"166","645724219_18.40..wav"
"167","645724219_30.66..wav"
"168","645724219_37.47..wav"
"169","645724219_48.93..wav"
"170","645724219_51.78..wav"
"171","645724219_58.52..wav"
"172","645769_27.64.wav"
"173","645786991_12.66..wav"
"174","645786991_22.29..wav"
"175","645786991_24.80..wav"
"176","645786991_32.01..wav"
"177","646626296_01.54.wav"
"178","646626296_04.95.wav"
"179","646626296_07.96.wav"
"180","646626296_13.25.wav"
"181","646626296_16.57.wav"
"182","646626296_22.17.wav"
"183","646626296_24.95.wav"
"184","647084508_45.21.wav"
"185","647084508_51.84.wav"
"186","647084508_54.64.wav"
"187","647284146_35.46.wav"
"188","647284146_41.27.wav"
"189","647284146_46.45.wav"
"190","647284146_52.65.wav"
"191","647284146_55.41.wav"
"192","647425132_01.77.wav"
"193","647425132_05.46.wav"
"194","647425132_08.97.wav"
"195","647425132_53.72.wav"
"196","647425132_56.49.wav"
"197","647425132_59.11.wav"
"198","647945836_39.26..wav"
"199","647945836_45.24..wav"
"200","647945836_50.75..wav"
"201","647945836_53.13..wav"
"202","647945836_55.64..wav"
"203","647945836_59.63..wav"
"204","647945837_18.46.wav"
"205","647945837_22.97.wav"
"206","647945837_33.83.wav"
"207","647945837_37.19.wav"
"208","647945837_43.78.wav"
"209","647950005_25.83.wav"
"210","647950005_46.22.wav"
"211","647950005_50.88..wav"
"212","647950005_59.25..wav"
"213","648032801_19.59..wav"
"214","648032801_22.22..wav"
"215","648032801_29.93..wav"
"216","648032801_32.99..wav"
"217","648032801_36.67..wav"
"218","648032801_44.17..wav"
"219","648032801_47.25..wav"
"220","648032801_53.09..wav"
"221","648560576_07.51.wav"
"222","648560576_10.06.wav"
"223","648560576_13.03.wav"
"224","648560576_16.62.wav"
"225","648560576_23.92.wav"
"226","648560576_27.66.wav"
"227","648560576_30.62.wav"
"228","648560576_40.12.wav"
"229","648803389_23.84..wav"
"230","648803389_26.44..wav"
"231","648803389_29.18..wav"
"232","648803389_41.60..wav"
"233","648803389_44.42..wav"
"234","648803389_54.63..wav"
"235","648819090_01.27..wav"
"236","648819090_08.68..wav"
"237","648819090_43.42..wav"
"238","648819090_51.62..wav"
"239","648819090_54.70..wav"
"240","648819090_58.06..wav"
"241","648996235_17.28..wav"
"242","648996235_19.41..wav"
"243","648996235_22.27..wav"
"244","648996235_31.16..wav"
"245","648996235_35.03..wav"
"246","648996235_43.06..wav"
"247","648996235_51.09..wav"
"248","648996236_20.98..wav"
"249","648996236_24.40..wav"
"250","648996236_32.35..wav"
"251","648996236_34.80..wav"
"252","648996236_48.96..wav"
"253","648996236_53.56..wav"
"254","648996236_56.84..wav"
"255","649043677_09.36..wav"
"256","649043677_12.15..wav"
"257","649043677_21.90..wav"
"258","649043677_29.19..wav"
"259","649043677_31.01..wav"
"260","649043677_31.67..wav"
"261","649043677_34.41..wav"
"262","649043677_36.57..wav"
"263","649043677_40.32..wav"
"264","649043677_45.81..wav"
"265","649043677_48.51..wav"
"266","649043677_53.54..wav"
"267","649043677_56.59..wav"
"268","649123318_15.74.wav"
"269","649123318_19.36.wav"
"270","649123318_27.07.wav"
"271","649123318_29.77.wav"
"272","649123318_36.61.wav"
"273","649123318_40.22.wav"
"274","649123318_46.66.wav"
"275","649123318_53.20.wav"
"276","649123318_56.22.wav"
"277","649389295_00.39.wav"
"278","649389295_03.01.wav"
"279","649389295_15.75.wav"
"280","649389295_23.27.wav"
"281","649389295_26.96.wav"
"282","649389295_34.39.wav"
"283","649389295_41.97.wav"
"284","649389295_55.80.wav"
"285","649526480_25.67.wav"
"286","649685057_25.15.wav"
"287","649685057_27.18.wav"
"288","649685057_29.65.wav"
"289","649685057_31.96.wav"
"290","649685057_34.29.wav"
"291","649685057_37.31.wav"
"292","649685057_41.08.wav"
"293","649685057_43.52.wav"
"294","649685057_46.42.wav"
"295","649685057_49.01.wav"
"296","new_batch_ids.csv"
"297","XC1052677_11.20..wav"
"298","XC1052677_15.23..wav"
"299","XC1052677_48.45..wav"
"300","XC842902_02.88.wav"
"301","XC842902_07.31.wav"
"302","XC842902_07.81.wav"
"303","XC842902_13.34.wav"
"304","XC842902_15.44.wav"
"305","XC842902_18.49.wav"
"306","XC842902_18.65.wav"
"307","XC842902_23.09.wav"
"308","XC842902_23.25.wav"
"309","XC842902_26.24.wav"
"310","XC842902_28.25.wav"
"311","XC842902_29.92.wav"
"312","XC842902_30.98.wav"
"313","XC842902_33.85.wav"
"314","XC842902_34.18.wav"
"315","XC842902_37.89.wav"
"316","XC842902_42.15.wav"
"317","XC842902_47.10.wav"
"318","XC842902_51.73.wav"
"319","XC842902_54.87.wav"
"320","XC842902_58.89.wav"
"321","XC854345_15.55.wav"
"322","XC854345_26.63.wav"
"323","XC854345_29.26.wav"
"324","XC954343_01.49..wav"
"325","XC954343_06.06..wav"
"326","XC954343_09.36..wav"
"327","XC954343_40.02..wav"
"328","XC954343_43.37..wav"
"329","XC954343_46.93..wav"
"330","XC954343_51.41..wav"
"331","XC954343_58.34..wav"
